heap,n,full,last
binomial,1,3269,1407
binomial,1,556,991
binomial,1,484,871
binomial,1,481,866
binomial,1,480,882
binomial,1,431,796
binomial,1,492,886
binomial,1,460,861
binomial,1,498,847
binomial,1,500,947
binomial,1,654,873
binomial,1,451,855
binomial,1,437,799
binomial,1,425,840
binomial,1,395,633
binomial,1,9074,921
binomial,1,484,880
binomial,1,471,862
binomial,1,496,908
binomial,1,467,878
binomial,1,499,913
binomial,1,525,862
binomial,1,478,800
binomial,1,438,788
binomial,1,435,803
binomial,1,464,852
binomial,1,464,839
binomial,1,576,941
binomial,1,457,772
binomial,1,476,814
binomial,2,1260,597
binomial,2,1307,497
binomial,2,1179,489
binomial,2,1204,546
binomial,2,1230,493
binomial,2,1176,494
binomial,2,1181,508
binomial,2,1288,539
binomial,2,1257,500
binomial,2,1185,556
binomial,2,1234,566
binomial,2,1271,540
binomial,2,1240,537
binomial,2,1249,530
binomial,2,1171,539
binomial,2,1150,538
binomial,2,1271,525
binomial,2,1191,568
binomial,2,1222,494
binomial,2,1230,515
binomial,2,1269,546
binomial,2,1247,556
binomial,2,1303,523
binomial,2,1260,586
binomial,2,1284,561
binomial,2,1324,538
binomial,2,1260,549
binomial,2,1201,497
binomial,2,1313,577
binomial,2,1377,555
binomial,4,3257,597
binomial,4,3255,606
binomial,4,3121,566
binomial,4,3067,539
binomial,4,2815,501
binomial,4,2848,487
binomial,4,2842,563
binomial,4,2765,554
binomial,4,2899,531
binomial,4,2855,541
binomial,4,2773,540
binomial,4,2925,548
binomial,4,3014,545
binomial,4,2819,509
binomial,4,2910,549
binomial,4,2753,494
binomial,4,2743,536
binomial,4,2987,541
binomial,4,3089,494
binomial,4,2765,482
binomial,4,2845,525
binomial,4,2919,522
binomial,4,3076,537
binomial,4,3083,513
binomial,4,2813,542
binomial,4,2944,481
binomial,4,2720,470
binomial,4,2715,488
binomial,4,2838,553
binomial,4,2866,515
binomial,8,6406,553
binomial,8,6459,524
binomial,8,5997,547
binomial,8,6118,514
binomial,8,6395,506
binomial,8,6296,539
binomial,8,6151,525
binomial,8,6257,516
binomial,8,5887,568
binomial,8,6363,520
binomial,8,6082,543
binomial,8,6248,551
binomial,8,6004,491
binomial,8,6213,532
binomial,8,6335,549
binomial,8,6337,538
binomial,8,5920,491
binomial,8,6309,528
binomial,8,5912,488
binomial,8,6092,498
binomial,8,6450,517
binomial,8,6057,498
binomial,8,6149,545
binomial,8,6188,528
binomial,8,25110,650
binomial,8,6288,533
binomial,8,6084,521
binomial,8,6562,509
binomial,8,6605,528
binomial,8,6266,539
binomial,16,13335,561
binomial,16,13378,523
binomial,16,13109,511
binomial,16,12908,543
binomial,16,13293,526
binomial,16,12944,528
binomial,16,13100,525
binomial,16,13071,542
binomial,16,12999,524
binomial,16,12665,523
binomial,16,13175,543
binomial,16,13023,543
binomial,16,12759,525
binomial,16,13468,511
binomial,16,13123,535
binomial,16,13230,517
binomial,16,13024,495
binomial,16,13006,502
binomial,16,13949,542
binomial,16,13866,548
binomial,16,13864,561
binomial,16,12645,479
binomial,16,12506,490
binomial,16,12357,478
binomial,16,12415,509
binomial,16,12799,531
binomial,16,12606,474
binomial,16,12986,527
binomial,16,13357,516
binomial,16,13293,513
binomial,32,27062,599
binomial,32,26590,545
binomial,32,26810,487
binomial,32,27109,506
binomial,32,31234,523
binomial,32,27581,512
binomial,32,27006,547
binomial,32,26535,502
binomial,32,27044,507
binomial,32,26956,504
binomial,32,26280,481
binomial,32,25823,484
binomial,32,26412,500
binomial,32,25982,501
binomial,32,28084,540
binomial,32,26915,533
binomial,32,28167,540
binomial,32,25668,506
binomial,32,26197,505
binomial,32,27884,538
binomial,32,26579,522
binomial,32,28284,538
binomial,32,27494,534
binomial,32,26870,525
binomial,32,26095,494
binomial,32,26304,507
binomial,32,29506,503
binomial,32,25388,535
binomial,32,26204,544
binomial,32,27265,494
binomial,64,57336,616
binomial,64,53141,507
binomial,64,53582,501
binomial,64,54626,475
binomial,64,53251,494
binomial,64,54254,534
binomial,64,53910,524
binomial,64,54348,491
binomial,64,52533,499
binomial,64,59717,496
binomial,64,54112,505
binomial,64,55722,571
binomial,64,55995,509
binomial,64,55784,511
binomial,64,54140,507
binomial,64,56685,540
binomial,64,53853,499
binomial,64,55793,510
binomial,64,56220,531
binomial,64,54227,517
binomial,64,74606,505
binomial,64,53620,511
binomial,64,53973,537
binomial,64,52798,493
binomial,64,54396,508
binomial,64,53757,509
binomial,64,53084,531
binomial,64,53793,534
binomial,64,54854,509
binomial,64,53965,513
binomial,128,116904,653
binomial,128,106430,522
binomial,128,107225,511
binomial,128,108588,501
binomial,128,107651,498
binomial,128,107403,531
binomial,128,111489,525
binomial,128,106062,530
binomial,128,109076,527
binomial,128,108763,526
binomial,128,108268,537
binomial,128,107121,571
binomial,128,102791,380
binomial,128,75984,382
binomial,128,75244,374
binomial,128,73799,391
binomial,128,75560,357
binomial,128,75273,369
binomial,128,76913,370
binomial,128,77067,377
binomial,128,76570,352
binomial,128,74534,364
binomial,128,76004,355
binomial,128,75444,395
binomial,128,76454,366
binomial,128,74876,369
binomial,128,73745,364
binomial,128,76203,364
binomial,128,76900,372
binomial,128,76404,366
binomial,256,166884,472
binomial,256,155163,388
binomial,256,153468,384
binomial,256,153714,376
binomial,256,155310,365
binomial,256,153329,358
binomial,256,153106,356
binomial,256,152146,372
binomial,256,151108,370
binomial,256,153979,376
binomial,256,153991,369
binomial,256,152545,374
binomial,256,153719,403
binomial,256,156213,373
binomial,256,153577,365
binomial,256,152085,400
binomial,256,151454,372
binomial,256,149483,373
binomial,256,152503,367
binomial,256,154572,397
binomial,256,151049,350
binomial,256,153811,377
binomial,256,152322,374
binomial,256,150568,412
binomial,256,156320,387
binomial,256,154428,341
binomial,256,154348,387
binomial,256,149783,370
binomial,256,151046,365
binomial,256,152897,364
binomial,512,317745,392
binomial,512,305597,375
binomial,512,308783,368
binomial,512,308201,351
binomial,512,308263,395
binomial,512,308919,398
binomial,512,321521,362
binomial,512,304409,358
binomial,512,306571,369
binomial,512,305972,361
binomial,512,307108,377
binomial,512,305632,361
binomial,512,308837,369
binomial,512,309308,374
binomial,512,324065,369
binomial,512,307009,372
binomial,512,308607,368
binomial,512,305059,386
binomial,512,310069,353
binomial,512,305043,366
binomial,512,315416,383
binomial,512,306815,365
binomial,512,311699,365
binomial,512,304828,366
binomial,512,313890,382
binomial,512,307722,356
binomial,512,304705,369
binomial,512,307376,352
binomial,512,307156,367
binomial,512,303618,355
binomial,1024,632917,387
binomial,1024,617184,369
binomial,1024,618394,359
binomial,1024,612146,375
binomial,1024,615351,398
binomial,1024,619779,377
binomial,1024,608222,365
binomial,1024,616713,369
binomial,1024,610436,340
binomial,1024,619244,390
binomial,1024,612898,371
binomial,1024,614679,371
binomial,1024,614025,397
binomial,1024,620867,359
binomial,1024,619981,389
binomial,1024,621418,367
binomial,1024,615713,387
binomial,1024,617256,356
binomial,1024,619296,361
binomial,1024,726211,463
binomial,1024,663255,401
binomial,1024,619141,393
binomial,1024,611095,376
binomial,1024,617574,368
binomial,1024,626806,381
binomial,1024,619630,375
binomial,1024,618000,388
binomial,1024,619319,354
binomial,1024,612706,370
binomial,1024,650370,383
binomial,2048,1273965,402
binomial,2048,1250404,364
binomial,2048,1247380,375
binomial,2048,1254383,359
binomial,2048,1237195,386
binomial,2048,1266549,354
binomial,2048,1238521,375
binomial,2048,1437046,531
binomial,2048,1542062,497
binomial,2048,1563377,582
binomial,2048,1682552,606
binomial,2048,1719411,534
binomial,2048,1721059,480
binomial,2048,1663935,553
binomial,2048,1743971,577
binomial,2048,1731788,574
binomial,2048,1714539,592
binomial,2048,1655661,495
binomial,2048,1669510,529
binomial,2048,1699412,570
binomial,2048,1744017,523
binomial,2048,1726314,529
binomial,2048,1713232,560
binomial,2048,1318091,407
binomial,2048,1242215,389
binomial,2048,1258383,418
binomial,2048,1533468,402
binomial,2048,1492464,589
binomial,2048,1597486,558
binomial,2048,1555495,572
binomial,4096,3157508,588
binomial,4096,3110777,416
binomial,4096,2728894,432
binomial,4096,2610070,390
binomial,4096,2644867,403
binomial,4096,2620208,369
binomial,4096,2710841,612
binomial,4096,2534454,462
binomial,4096,2474343,401
binomial,4096,2470216,398
binomial,4096,2480227,401
binomial,4096,2476994,362
binomial,4096,2476503,397
binomial,4096,2539274,381
binomial,4096,2472763,365
binomial,4096,2460769,355
binomial,4096,2471062,359
binomial,4096,2460141,362
binomial,4096,2471898,393
binomial,4096,2470495,375
binomial,4096,2467362,366
binomial,4096,2468504,358
binomial,4096,2471905,363
binomial,4096,2480308,398
binomial,4096,2512757,372
binomial,4096,2461497,367
binomial,4096,2458662,356
binomial,4096,2461377,359
binomial,4096,2450185,395
binomial,4096,2466320,369
binomial,8192,5046749,410
binomial,8192,4936430,391
binomial,8192,4962548,417
binomial,8192,4932803,377
binomial,8192,4934136,358
binomial,8192,4931811,359
binomial,8192,4943109,382
binomial,8192,4936963,386
binomial,8192,4933104,375
binomial,8192,4916819,364
binomial,8192,4916381,365
binomial,8192,5222825,460
binomial,8192,4958957,354
binomial,8192,4966723,376
binomial,8192,4962810,358
binomial,8192,4940534,381
binomial,8192,4931685,376
binomial,8192,4953709,396
binomial,8192,4941312,363
binomial,8192,4945439,388
binomial,8192,4917888,368
binomial,8192,4909223,354
binomial,8192,4926053,395
binomial,8192,4978962,413
binomial,8192,4951742,410
binomial,8192,4939192,378
binomial,8192,4925150,383
binomial,8192,4936823,364
binomial,8192,4911676,349
binomial,8192,4952871,369
binomial,16384,10057671,421
binomial,16384,9873035,374
binomial,16384,9871471,391
binomial,16384,9896454,368
binomial,16384,9855695,329
binomial,16384,9857553,365
binomial,16384,10067939,395
binomial,16384,9904075,372
binomial,16384,9894628,413
binomial,16384,9925133,413
binomial,16384,9880165,363
binomial,16384,9871590,387
binomial,16384,9876554,390
binomial,16384,9883806,385
binomial,16384,9900810,363
binomial,16384,9884355,401
binomial,16384,9900300,384
binomial,16384,9865400,399
binomial,16384,9877567,390
binomial,16384,9938695,382
binomial,16384,9891332,346
binomial,16384,9894625,372
binomial,16384,9882804,370
binomial,16384,9965893,429
binomial,16384,9901543,356
binomial,16384,9944130,385
binomial,16384,9896682,361
binomial,16384,9895934,372
binomial,16384,9924435,376
binomial,16384,9893890,355
binomial,32768,20139080,419
binomial,32768,19867628,400
binomial,32768,19792479,368
binomial,32768,19893466,386
binomial,32768,19805542,351
binomial,32768,19816341,414
binomial,32768,19830382,406
binomial,32768,19905324,374
binomial,32768,19896548,374
binomial,32768,19931709,401
binomial,32768,19863582,380
binomial,32768,20104017,370
binomial,32768,19903655,361
binomial,32768,19947928,383
binomial,32768,19870973,400
binomial,32768,19842234,399
binomial,32768,20037806,446
binomial,32768,19890762,425
binomial,32768,19882495,397
binomial,32768,19788312,359
binomial,32768,19875039,386
binomial,32768,19897849,411
binomial,32768,19848757,380
binomial,32768,19860237,369
binomial,32768,19847818,388
binomial,32768,19936393,380
binomial,32768,19872176,431
binomial,32768,19939368,382
binomial,32768,20598522,425
binomial,32768,19957124,381
binomial,65536,40270939,390
binomial,65536,40245046,376
binomial,65536,40692012,381
binomial,65536,40901944,371
binomial,65536,40778248,373
binomial,65536,40872054,421
binomial,65536,41238553,384
binomial,65536,40560424,365
binomial,65536,40568596,358
binomial,65536,40793862,362
binomial,65536,40818994,384
binomial,65536,40798511,392
binomial,65536,40872631,370
binomial,65536,40536776,400
binomial,65536,41100066,377
binomial,65536,41020480,393
binomial,65536,40655165,401
binomial,65536,40814484,357
binomial,65536,41037649,401
binomial,65536,40731760,370
binomial,65536,40950641,360
binomial,65536,41389568,409
binomial,65536,41345207,356
binomial,65536,41372198,416
binomial,65536,41043914,401
binomial,65536,41089631,396
binomial,65536,40925099,356
binomial,65536,41224035,351
binomial,65536,41062420,444
binomial,65536,41174541,363
binomial,131072,81915397,403
binomial,131072,81876035,341
binomial,131072,81430901,373
binomial,131072,81701142,451
binomial,131072,81906176,371
binomial,131072,81880900,363
binomial,131072,81548483,418
binomial,131072,81879337,393
binomial,131072,81289179,361
binomial,131072,81910931,375
binomial,131072,81408797,412
binomial,131072,81442898,467
binomial,131072,81324386,359
binomial,131072,81949535,392
binomial,131072,82299054,400
binomial,131072,82027017,373
binomial,131072,81516697,348
binomial,131072,81567022,380
binomial,131072,82192054,402
binomial,131072,82110154,365
binomial,131072,81650701,357
binomial,131072,81765446,385
binomial,131072,81837149,378
binomial,131072,81771425,363
binomial,131072,81838207,417
binomial,131072,82761129,428
binomial,131072,82217201,408
binomial,131072,82161425,399
binomial,131072,82536643,362
binomial,131072,82201693,398
binomial,262144,164087767,387
binomial,262144,164587225,411
binomial,262144,164292735,427
binomial,262144,164408268,404
binomial,262144,164002307,390
binomial,262144,164695914,390
binomial,262144,164604528,410
binomial,262144,164794527,402
binomial,262144,164668686,383
binomial,262144,164615448,379
binomial,262144,164754513,401
binomial,262144,164477215,459
binomial,262144,164174091,415
binomial,262144,164785034,428
binomial,262144,165012896,413
binomial,262144,164174439,400
binomial,262144,164910539,447
binomial,262144,165039432,408
binomial,262144,164661024,394
binomial,262144,165326287,416
binomial,262144,165310169,449
binomial,262144,165721282,416
binomial,262144,165502385,409
binomial,262144,165579815,438
binomial,262144,165234089,429
binomial,262144,165863177,392
binomial,262144,165624648,359
binomial,262144,166197074,418
binomial,262144,165761442,413
binomial,262144,166033013,375
binomial,524288,330375890,442
binomial,524288,329634763,440
binomial,524288,330519796,401
binomial,524288,329707884,414
binomial,524288,329977774,428
binomial,524288,330186475,384
binomial,524288,330225417,423
binomial,524288,336644881,431
binomial,524288,330754238,434
binomial,524288,330151305,467
binomial,524288,330245847,405
binomial,524288,330669024,407
binomial,524288,329900766,392
binomial,524288,330690547,405
binomial,524288,331542749,386
binomial,524288,331707123,413
binomial,524288,330860567,435
binomial,524288,331009547,395
binomial,524288,330728609,459
binomial,524288,331406417,405
binomial,524288,331544065,396
binomial,524288,332012851,451
binomial,524288,331580131,406
binomial,524288,332762707,419
binomial,524288,332207048,411
binomial,524288,332635340,464
binomial,524288,332936008,389
binomial,524288,333173553,409
binomial,524288,333121073,445
binomial,524288,334008035,401
binomial,1048576,661398540,475
binomial,1048576,661006621,411
binomial,1048576,662864977,485
binomial,1048576,661322360,401
binomial,1048576,662405936,388
binomial,1048576,662388605,426
binomial,1048576,662226007,405
binomial,1048576,662684635,424
binomial,1048576,661702980,400
binomial,1048576,661925717,417
binomial,1048576,662571682,442
binomial,1048576,663589333,459
binomial,1048576,662994347,385
binomial,1048576,662882065,421
binomial,1048576,661579662,399
binomial,1048576,663796328,421
binomial,1048576,662403802,395
binomial,1048576,664612892,425
binomial,1048576,663460770,396
binomial,1048576,665595230,438
binomial,1048576,664169782,427
binomial,1048576,665030419,422
binomial,1048576,666861763,449
binomial,1048576,666405567,393
binomial,1048576,666670614,416
binomial,1048576,669053611,374
binomial,1048576,667370488,414
binomial,1048576,668645989,429
binomial,1048576,668136989,411
binomial,1048576,670959708,441
fibonacci,1,3397,325
fibonacci,1,301,256
fibonacci,1,246,262
fibonacci,1,232,252
fibonacci,1,235,239
fibonacci,1,230,326
fibonacci,1,230,240
fibonacci,1,231,249
fibonacci,1,231,240
fibonacci,1,250,318
fibonacci,1,242,243
fibonacci,1,259,230
fibonacci,1,247,236
fibonacci,1,244,230
fibonacci,1,234,212
fibonacci,1,229,206
fibonacci,1,225,222
fibonacci,1,228,221
fibonacci,1,224,214
fibonacci,1,224,217
fibonacci,1,228,204
fibonacci,1,226,218
fibonacci,1,230,261
fibonacci,1,242,223
fibonacci,1,259,234
fibonacci,1,241,231
fibonacci,1,248,220
fibonacci,1,210,223
fibonacci,1,229,217
fibonacci,1,226,207
fibonacci,2,435,258
fibonacci,2,422,194
fibonacci,2,403,214
fibonacci,2,415,211
fibonacci,2,459,233
fibonacci,2,767,243
fibonacci,2,518,272
fibonacci,2,478,221
fibonacci,2,462,244
fibonacci,2,504,235
fibonacci,2,448,255
fibonacci,2,479,229
fibonacci,2,716,221
fibonacci,2,480,225
fibonacci,2,461,248
fibonacci,2,468,229
fibonacci,2,534,239
fibonacci,2,524,243
fibonacci,2,450,218
fibonacci,2,436,216
fibonacci,2,430,230
fibonacci,2,579,228
fibonacci,2,594,226
fibonacci,2,423,221
fibonacci,2,508,224
fibonacci,2,604,232
fibonacci,2,472,215
fibonacci,2,459,226
fibonacci,2,498,226
fibonacci,2,467,226
fibonacci,4,1243,389
fibonacci,4,916,243
fibonacci,4,942,231
fibonacci,4,922,225
fibonacci,4,925,245
fibonacci,4,919,225
fibonacci,4,859,215
fibonacci,4,802,201
fibonacci,4,776,185
fibonacci,4,787,242
fibonacci,4,855,236
fibonacci,4,769,208
fibonacci,4,883,224
fibonacci,4,797,207
fibonacci,4,794,216
fibonacci,4,841,237
fibonacci,4,884,225
fibonacci,4,888,223
fibonacci,4,867,226
fibonacci,4,858,205
fibonacci,4,746,210
fibonacci,4,807,206
fibonacci,4,750,210
fibonacci,4,790,211
fibonacci,4,806,215
fibonacci,4,777,214
fibonacci,4,751,221
fibonacci,4,765,191
fibonacci,4,828,221
fibonacci,4,889,217
fibonacci,8,1720,272
fibonacci,8,1532,177
fibonacci,8,1623,219
fibonacci,8,1616,219
fibonacci,8,1686,255
fibonacci,8,1580,221
fibonacci,8,1663,228
fibonacci,8,1564,208
fibonacci,8,1423,178
fibonacci,8,1663,196
fibonacci,8,1529,199
fibonacci,8,1407,196
fibonacci,8,1441,211
fibonacci,8,1602,221
fibonacci,8,1687,254
fibonacci,8,1682,233
fibonacci,8,1640,222
fibonacci,8,1648,223
fibonacci,8,1597,230
fibonacci,8,1390,177
fibonacci,8,1464,203
fibonacci,8,1636,211
fibonacci,8,1455,197
fibonacci,8,1531,201
fibonacci,8,1501,226
fibonacci,8,1469,211
fibonacci,8,1465,203
fibonacci,8,1552,192
fibonacci,8,1577,210
fibonacci,8,1497,199
fibonacci,16,3556,249
fibonacci,16,3172,195
fibonacci,16,2972,239
fibonacci,16,2962,195
fibonacci,16,3313,202
fibonacci,16,3278,218
fibonacci,16,3282,212
fibonacci,16,3244,200
fibonacci,16,2925,220
fibonacci,16,3207,217
fibonacci,16,3096,201
fibonacci,16,3039,196
fibonacci,16,2945,179
fibonacci,16,3305,213
fibonacci,16,3176,240
fibonacci,16,3358,220
fibonacci,16,3196,223
fibonacci,16,2928,214
fibonacci,16,2911,196
fibonacci,16,2988,203
fibonacci,16,2844,193
fibonacci,16,2975,198
fibonacci,16,3208,217
fibonacci,16,3333,218
fibonacci,16,2981,203
fibonacci,16,3194,210
fibonacci,16,3028,213
fibonacci,16,3294,201
fibonacci,16,3054,203
fibonacci,16,3029,197
fibonacci,32,6356,235
fibonacci,32,6210,195
fibonacci,32,6551,200
fibonacci,32,6062,201
fibonacci,32,6119,216
fibonacci,32,6133,195
fibonacci,32,6074,200
fibonacci,32,5942,196
fibonacci,32,5956,195
fibonacci,32,6203,234
fibonacci,32,6280,215
fibonacci,32,5925,210
fibonacci,32,6608,224
fibonacci,32,6735,222
fibonacci,32,6641,220
fibonacci,32,6272,205
fibonacci,32,6416,209
fibonacci,32,6328,197
fibonacci,32,6092,198
fibonacci,32,6360,200
fibonacci,32,6317,198
fibonacci,32,6130,212
fibonacci,32,6103,238
fibonacci,32,6172,198
fibonacci,32,6456,220
fibonacci,32,6266,203
fibonacci,32,5901,177
fibonacci,32,6549,242
fibonacci,32,6188,202
fibonacci,32,6468,217
fibonacci,64,17185,208
fibonacci,64,13146,210
fibonacci,64,12940,226
fibonacci,64,13067,223
fibonacci,64,12173,199
fibonacci,64,12428,197
fibonacci,64,12752,225
fibonacci,64,12854,217
fibonacci,64,12653,212
fibonacci,64,12111,206
fibonacci,64,12087,193
fibonacci,64,12384,217
fibonacci,64,12821,236
fibonacci,64,12180,196
fibonacci,64,12109,198
fibonacci,64,12714,225
fibonacci,64,12791,218
fibonacci,64,12565,203
fibonacci,64,12721,209
fibonacci,64,12050,227
fibonacci,64,12463,197
fibonacci,64,12509,198
fibonacci,64,12855,219
fibonacci,64,12723,215
fibonacci,64,12835,216
fibonacci,64,12402,205
fibonacci,64,12492,194
fibonacci,64,12841,221
fibonacci,64,12309,213
fibonacci,64,12538,216
fibonacci,128,28189,221
fibonacci,128,25734,219
fibonacci,128,24888,195
fibonacci,128,24214,201
fibonacci,128,25242,205
fibonacci,128,24831,218
fibonacci,128,24110,197
fibonacci,128,24819,219
fibonacci,128,24706,213
fibonacci,128,24427,197
fibonacci,128,25808,218
fibonacci,128,25673,226
fibonacci,128,24204,197
fibonacci,128,24335,215
fibonacci,128,24961,219
fibonacci,128,24527,191
fibonacci,128,25300,218
fibonacci,128,25367,217
fibonacci,128,24561,213
fibonacci,128,25437,196
fibonacci,128,25097,211
fibonacci,128,24787,194
fibonacci,128,24518,199
fibonacci,128,25999,203
fibonacci,128,25191,227
fibonacci,128,25514,215
fibonacci,128,24837,220
fibonacci,128,24164,210
fibonacci,128,25724,219
fibonacci,128,25352,220
fibonacci,256,57834,248
fibonacci,256,55709,231
fibonacci,256,50405,225
fibonacci,256,55676,230
fibonacci,256,49077,203
fibonacci,256,49135,197
fibonacci,256,48361,213
fibonacci,256,49177,218
fibonacci,256,50882,217
fibonacci,256,49469,216
fibonacci,256,49873,226
fibonacci,256,50855,213
fibonacci,256,49740,173
fibonacci,256,51244,217
fibonacci,256,50563,220
fibonacci,256,50142,197
fibonacci,256,50456,212
fibonacci,256,49238,192
fibonacci,256,49306,214
fibonacci,256,51010,237
fibonacci,256,50248,193
fibonacci,256,49887,227
fibonacci,256,51274,195
fibonacci,256,50409,198
fibonacci,256,49885,213
fibonacci,256,50429,197
fibonacci,256,49750,215
fibonacci,256,51269,217
fibonacci,256,48142,209
fibonacci,256,51941,217
fibonacci,512,106130,227
fibonacci,512,97081,218
fibonacci,512,100514,217
fibonacci,512,101628,212
fibonacci,512,101717,217
fibonacci,512,106264,219
fibonacci,512,102750,217
fibonacci,512,99386,224
fibonacci,512,98479,218
fibonacci,512,100438,239
fibonacci,512,102339,215
fibonacci,512,100889,214
fibonacci,512,97675,214
fibonacci,512,96837,200
fibonacci,512,98277,230
fibonacci,512,101342,201
fibonacci,512,98117,212
fibonacci,512,100941,203
fibonacci,512,101126,197
fibonacci,512,97581,211
fibonacci,512,100415,214
fibonacci,512,99897,212
fibonacci,512,99051,191
fibonacci,512,98541,213
fibonacci,512,97684,210
fibonacci,512,101691,221
fibonacci,512,98593,198
fibonacci,512,98839,199
fibonacci,512,100553,199
fibonacci,512,102043,217
fibonacci,1024,217909,238
fibonacci,1024,197247,196
fibonacci,1024,202927,201
fibonacci,1024,196312,226
fibonacci,1024,195901,212
fibonacci,1024,198785,217
fibonacci,1024,199595,201
fibonacci,1024,194704,211
fibonacci,1024,198591,201
fibonacci,1024,200410,194
fibonacci,1024,196639,209
fibonacci,1024,194895,215
fibonacci,1024,196318,210
fibonacci,1024,195248,196
fibonacci,1024,196305,197
fibonacci,1024,203162,208
fibonacci,1024,201163,182
fibonacci,1024,199293,214
fibonacci,1024,199897,200
fibonacci,1024,195400,191
fibonacci,1024,195589,198
fibonacci,1024,201165,201
fibonacci,1024,198729,216
fibonacci,1024,196743,206
fibonacci,1024,206552,198
fibonacci,1024,196041,194
fibonacci,1024,199089,201
fibonacci,1024,203106,198
fibonacci,1024,194108,199
fibonacci,1024,199637,214
fibonacci,2048,43483379,275
fibonacci,2048,395152,254
fibonacci,2048,395250,207
fibonacci,2048,392420,214
fibonacci,2048,398348,212
fibonacci,2048,400293,199
fibonacci,2048,397629,213
fibonacci,2048,391654,208
fibonacci,2048,405494,218
fibonacci,2048,404329,223
fibonacci,2048,391079,198
fibonacci,2048,391392,209
fibonacci,2048,402755,203
fibonacci,2048,394064,196
fibonacci,2048,403509,209
fibonacci,2048,396536,197
fibonacci,2048,393245,192
fibonacci,2048,396567,220
fibonacci,2048,393665,221
fibonacci,2048,403631,204
fibonacci,2048,391550,235
fibonacci,2048,394609,219
fibonacci,2048,391182,215
fibonacci,2048,392742,214
fibonacci,2048,395721,207
fibonacci,2048,405972,215
fibonacci,2048,397822,199
fibonacci,2048,405073,203
fibonacci,2048,395168,217
fibonacci,2048,390799,192
fibonacci,4096,815211,233
fibonacci,4096,787414,217
fibonacci,4096,790378,215
fibonacci,4096,781827,194
fibonacci,4096,789618,231
fibonacci,4096,800359,199
fibonacci,4096,791363,213
fibonacci,4096,799647,211
fibonacci,4096,791502,196
fibonacci,4096,788950,197
fibonacci,4096,775084,181
fibonacci,4096,807415,235
fibonacci,4096,797046,202
fibonacci,4096,799023,198
fibonacci,4096,790081,228
fibonacci,4096,791899,216
fibonacci,4096,798809,195
fibonacci,4096,806864,196
fibonacci,4096,786324,214
fibonacci,4096,793548,215
fibonacci,4096,791167,198
fibonacci,4096,787937,214
fibonacci,4096,787780,211
fibonacci,4096,792116,210
fibonacci,4096,780361,232
fibonacci,4096,786771,217
fibonacci,4096,788609,191
fibonacci,4096,799849,215
fibonacci,4096,792340,194
fibonacci,4096,790286,213
fibonacci,8192,1611943,231
fibonacci,8192,1592099,221
fibonacci,8192,1581136,212
fibonacci,8192,1572921,193
fibonacci,8192,1589493,197
fibonacci,8192,1613679,196
fibonacci,8192,1606241,219
fibonacci,8192,1590413,198
fibonacci,8192,1602309,202
fibonacci,8192,1591651,199
fibonacci,8192,1580489,212
fibonacci,8192,1587820,208
fibonacci,8192,1611216,215
fibonacci,8192,1586598,202
fibonacci,8192,1581350,207
fibonacci,8192,1590996,205
fibonacci,8192,1583385,200
fibonacci,8192,1577274,196
fibonacci,8192,1587364,223
fibonacci,8192,1590276,213
fibonacci,8192,1599614,226
fibonacci,8192,1599084,196
fibonacci,8192,1604100,214
fibonacci,8192,1583005,230
fibonacci,8192,1589551,204
fibonacci,8192,1577791,208
fibonacci,8192,1603671,188
fibonacci,8192,1578026,208
fibonacci,8192,1578266,217
fibonacci,8192,1591975,212
fibonacci,16384,3222661,204
fibonacci,16384,3164677,219
fibonacci,16384,3165677,224
fibonacci,16384,3170698,213
fibonacci,16384,3150097,226
fibonacci,16384,3127938,200
fibonacci,16384,3145715,197
fibonacci,16384,3178914,219
fibonacci,16384,3164438,197
fibonacci,16384,3167911,193
fibonacci,16384,3236605,196
fibonacci,16384,3157255,206
fibonacci,16384,3172786,208
fibonacci,16384,3161358,204
fibonacci,16384,3157457,196
fibonacci,16384,3173796,197
fibonacci,16384,3152319,204
fibonacci,16384,3113555,211
fibonacci,16384,3191438,195
fibonacci,16384,3193585,196
fibonacci,16384,3198589,208
fibonacci,16384,3143420,212
fibonacci,16384,3271159,206
fibonacci,16384,3136628,211
fibonacci,16384,3153965,219
fibonacci,16384,3158764,216
fibonacci,16384,3167846,215
fibonacci,16384,3191917,227
fibonacci,16384,3159548,209
fibonacci,16384,3180704,196
fibonacci,32768,6382889,239
fibonacci,32768,6344378,219
fibonacci,32768,6385776,176
fibonacci,32768,6358131,197
fibonacci,32768,6444288,218
fibonacci,32768,6450554,214
fibonacci,32768,6464139,201
fibonacci,32768,6468730,217
fibonacci,32768,6405180,223
fibonacci,32768,6403382,205
fibonacci,32768,6369027,209
fibonacci,32768,6413319,213
fibonacci,32768,6415708,215
fibonacci,32768,6419102,213
fibonacci,32768,6410464,183
fibonacci,32768,6424378,200
fibonacci,32768,6372428,225
fibonacci,32768,6388382,205
fibonacci,32768,6353830,229
fibonacci,32768,6302027,211
fibonacci,32768,6416162,215
fibonacci,32768,6395777,212
fibonacci,32768,6383723,218
fibonacci,32768,6390643,211
fibonacci,32768,6490676,205
fibonacci,32768,6402485,206
fibonacci,32768,6367135,209
fibonacci,32768,6398168,207
fibonacci,32768,6264646,201
fibonacci,32768,6390699,218
fibonacci,65536,12827512,265
fibonacci,65536,12845155,193
fibonacci,65536,13012491,205
fibonacci,65536,13000141,221
fibonacci,65536,13173930,195
fibonacci,65536,13136369,197
fibonacci,65536,13201309,203
fibonacci,65536,13267318,223
fibonacci,65536,13171645,233
fibonacci,65536,13195946,218
fibonacci,65536,13063284,213
fibonacci,65536,13248799,234
fibonacci,65536,13060459,228
fibonacci,65536,13097455,212
fibonacci,65536,12864113,212
fibonacci,65536,13163621,204
fibonacci,65536,13034571,226
fibonacci,65536,13122890,212
fibonacci,65536,12964453,218
fibonacci,65536,13104962,213
fibonacci,65536,12978853,229
fibonacci,65536,13102679,212
fibonacci,65536,12980436,213
fibonacci,65536,13083210,198
fibonacci,65536,12955689,198
fibonacci,65536,13100778,204
fibonacci,65536,13048334,201
fibonacci,65536,13141059,197
fibonacci,65536,12936378,204
fibonacci,65536,13073478,196
fibonacci,131072,25680926,244
fibonacci,131072,25978883,195
fibonacci,131072,26189676,210
fibonacci,131072,26288280,217
fibonacci,131072,26807823,229
fibonacci,131072,26855967,231
fibonacci,131072,26861683,217
fibonacci,131072,26871655,224
fibonacci,131072,26874166,221
fibonacci,131072,26805818,236
fibonacci,131072,26482088,202
fibonacci,131072,26867347,223
fibonacci,131072,26350193,220
fibonacci,131072,26527089,223
fibonacci,131072,26203554,233
fibonacci,131072,26476686,220
fibonacci,131072,26258719,219
fibonacci,131072,26391696,208
fibonacci,131072,26337222,208
fibonacci,131072,26413032,208
fibonacci,131072,26276803,198
fibonacci,131072,26603908,203
fibonacci,131072,26243954,221
fibonacci,131072,26563581,248
fibonacci,131072,26195911,229
fibonacci,131072,26548481,218
fibonacci,131072,26269874,227
fibonacci,131072,26553277,204
fibonacci,131072,26269730,198
fibonacci,131072,26619026,211
fibonacci,262144,52030188,236
fibonacci,262144,52439914,226
fibonacci,262144,52645820,206
fibonacci,262144,53010573,222
fibonacci,262144,54024707,227
fibonacci,262144,54131627,310
fibonacci,262144,54050720,231
fibonacci,262144,54231391,259
fibonacci,262144,53816763,221
fibonacci,262144,53818894,220
fibonacci,262144,53095684,189
fibonacci,262144,53600559,203
fibonacci,262144,52976955,224
fibonacci,262144,53547038,211
fibonacci,262144,53121603,225
fibonacci,262144,53431917,257
fibonacci,262144,52807641,221
fibonacci,262144,53458882,234
fibonacci,262144,53027258,236
fibonacci,262144,53546049,208
fibonacci,262144,53051871,227
fibonacci,262144,53481513,219
fibonacci,262144,52901338,233
fibonacci,262144,53523074,224
fibonacci,262144,52965740,226
fibonacci,262144,53629039,216
fibonacci,262144,53056561,220
fibonacci,262144,53538614,226
fibonacci,262144,60891992,250
fibonacci,262144,54673336,253
fibonacci,524288,104105630,234
fibonacci,524288,105351626,219
fibonacci,524288,105658768,239
fibonacci,524288,106475708,229
fibonacci,524288,107893466,195
fibonacci,524288,108645649,217
fibonacci,524288,107949708,220
fibonacci,524288,108796398,197
fibonacci,524288,107305801,215
fibonacci,524288,108167339,201
fibonacci,524288,106979250,246
fibonacci,524288,107662627,230
fibonacci,524288,106608882,244
fibonacci,524288,107073627,219
fibonacci,524288,106688794,227
fibonacci,524288,107217005,211
fibonacci,524288,107284162,219
fibonacci,524288,107199294,226
fibonacci,524288,106603352,243
fibonacci,524288,107396692,210
fibonacci,524288,106565215,185
fibonacci,524288,107641645,253
fibonacci,524288,106593860,227
fibonacci,524288,107526149,238
fibonacci,524288,106613407,215
fibonacci,524288,107246272,232
fibonacci,524288,106919201,246
fibonacci,524288,107301811,213
fibonacci,524288,106785671,228
fibonacci,524288,107149350,212
fibonacci,1048576,213440029,234
fibonacci,1048576,210374992,221
fibonacci,1048576,212617478,214
fibonacci,1048576,213055009,253
fibonacci,1048576,217847508,243
fibonacci,1048576,217225407,207
fibonacci,1048576,217926860,222
fibonacci,1048576,218139884,249
fibonacci,1048576,217313899,231
fibonacci,1048576,217369256,204
fibonacci,1048576,215226157,242
fibonacci,1048576,216255375,314
fibonacci,1048576,213443191,202
fibonacci,1048576,215621450,245
fibonacci,1048576,212976156,220
fibonacci,1048576,215430278,254
fibonacci,1048576,213036987,227
fibonacci,1048576,215033364,227
fibonacci,1048576,212839350,226
fibonacci,1048576,215049639,224
fibonacci,1048576,212745449,246
fibonacci,1048576,214836617,203
fibonacci,1048576,213042598,243
fibonacci,1048576,214972359,246
fibonacci,1048576,213279554,239
fibonacci,1048576,215341695,221
fibonacci,1048576,213536577,236
fibonacci,1048576,215005302,255
fibonacci,1048576,212943225,226
fibonacci,1048576,215207510,235
